retailer,category,name,url
takealot,TVs & Audio,Samsung 50 inch Q7F 4K QLED Samsung Vision AI TV,https://www.takealot.com/samsung-50-inch-q7f-4k-qled-samsung-vision-ai-tv/PLID103346940
takealot,TVs & Audio,Hisense 58 Inch 4K QLED Smart LED UHD TV,https://www.takealot.com/hisense-58-inch-4k-qled-smart-led-uhd-tv/PLID100954595
takealot,TVs & Audio,Samsung 55-inch QN70H Neo QLED AI Smart TV,https://www.takealot.com/samsung-55-qn70h-neo-qled-dlg120hz-ai-smart-tv-with-4k-upscaling/PLID102484220
takealot,TVs & Audio,Xiaomi Mi Smart Speaker - White,https://www.takealot.com/xiaomi-mi-smart-speaker-white/PLID71884619
takealot,TVs & Audio,Sony WH-CH520 Wireless Bluetooth On-Ear Headphones,https://www.takealot.com/sony-wh-ch520-wireless-bluetooth-on-ear-headphones/PLID92893168
takealot,Computing & Gaming,PlayStation 5 Slim Digital Edition Console (PS5 Slim),https://www.takealot.com/playstation-5-slim-digital-edition-console-ps5-slim/PLID95228802
takealot,Computing & Gaming,Xbox Series S 512GB Digital Gaming Console,https://www.takealot.com/xbox-series-s-512gb-digital-gaming-console/PLID70673129
takealot,Computing & Gaming,Acer Aspire Llight CEL-N4500 15.6 FHD 8GB 128GB SSD,https://www.takealot.com/acer-aspire-llight-cel-n4500-15-6-fhd-8gb-ram-128gb-ssd/PLID103136758
takealot,Computing & Gaming,Acer Aspire Lite 16 WUXGA Core Ultra 7 16GB 1TB SSD Laptop,https://www.takealot.com/acer-aspire-lite-16-wuxga-intel-core-ultra-7-16gb-ram-1tb-ssd-la/PLID97593619
takealot,Computing & Gaming,Samsung Galaxy A36 5G Dual Sim 128GB - Awesome Lime,https://www.takealot.com/samsung-galaxy-a36-5g-dual-sim-128gb-green/PLID97473646
takealot,Large Appliances,Bosch Freestanding Dishwasher Series 4 14 Place A++,https://www.takealot.com/bosch-freestanding-dishwasher-series-4-brushed-steel-14-place-a/PLID103046524
takealot,Large Appliances,Samsung 17.5Kg AI Top Loader Washing Machine WA80F18S8CFA,https://www.takealot.com/samsung-17-5kg-ai-top-loader-washing-machine-with-smart-things-w/PLID98948713
takealot,Large Appliances,Defy 157L Top Mount Fridge DAD238 - White,https://www.takealot.com/defy-157l-top-mount-freezer-fridge-dad238-white/PLID70725210
takealot,Large Appliances,Defy MAC6030W 8L Portable Air Cooler,https://www.takealot.com/defy-mac6030w-an-8l-portble-aircooler-with-4-functions-white/PLID73732217
takealot,Large Appliances,Hisense 198L Chest Freezer - Grey,https://www.takealot.com/hisense-198l-chest-freezer-with-seamless-frame-and-boundless-doo/PLID100778341
takealot,Small Appliances,Russell Hobbs Digital 9L Air Fryer RHAF09S,https://www.takealot.com/russell-hobbs-digital-9l-air-fryer-rhaf09s/PLID98945485
takealot,Small Appliances,Instant Vortex Air Fryer,https://www.takealot.com/instant-vortex-air-fryer/PLID71185613
takealot,Small Appliances,Russell Hobbs RHEM21L 20L Microwave,https://www.takealot.com/russell-hobbs-rhem21l-20l-electronic-black-mirror-microwave/PLID94919278
takealot,Small Appliances,Mellerware Zambezi Kettle 1.7L 2200W,https://www.takealot.com/mellerware-kettle-corded-plastic-white-1-7l-2200w-zambezi/PLID71892201
takealot,Small Appliances,Philips 5000 Series 2100W Hair Dryer,https://www.takealot.com/philips-5000-series-2100w-thermoshield-hair-dryer-white/PLID73829901
takealot,Wearables & Power,Garmin fenix E 47mm Stainless Steel/Graphite,https://www.takealot.com/garmin-fenix-e-47mm-stainless-steel-graphite-ww/PLID95934594
takealot,Wearables & Power,Garmin Forerunner 55 Smartwatch - Black,https://www.takealot.com/garmin-forerunner-55-smartwatch-black/PLID72467547
takealot,Wearables & Power,EcoFlow RIVER 2 Pro Portable Power Station,https://www.takealot.com/ecoflow-river-2-pro-portable-power-station/PLID95492581
takealot,Wearables & Power,Gizzu 30W Mini DC 32Wh UPS,https://www.takealot.com/gizzu-30w-mini-dc-32wh-ups/PLID90290563
takealot,Wearables & Power,Apple AirTag 1 pack (2nd Generation),https://www.takealot.com/apple-airtag-1-pack-2nd-generation/PLID100944815
takealot,Bulk & Pantry,Red Bull Energy Drink 250ml 24 Case,https://www.takealot.com/red-bull-energy-drink-250ml-24-case/PLID44310703
takealot,Bulk & Pantry,Finish All-in-One Max Dishwasher Tablets 80s Regular,https://www.takealot.com/finish-80-s-auto-dishwashing-all-in-one-max-tablets-regular/PLID51978662
takealot,Bulk & Pantry,Baby Soft Fresh White 2-Ply Toilet Paper 24 Pack,https://www.takealot.com/baby-soft-fresh-white-2-ply-toilet-paper-pack-of-24/PLID94975579
takealot,Bulk & Pantry,Pampers Anti-Rash Shield Pants Size 4 120 Nappies,https://www.takealot.com/pampers-anti-rash-shield-pants-size-4-9-14kg-120-nappies-lotion/PLID54969418
takealot,Bulk & Pantry,Coca-Cola Original 24 x 300ml Cans,https://www.takealot.com/coca-cola-original-24-x-300ml-cans/PLID72863979
takealot,Toys & Leisure,LEGO Icons Flower Bouquet 10280,https://www.takealot.com/lego-icons-flower-bouquet-10280-botanical-collection-756-pieces/PLID71332660
takealot,Toys & Leisure,Gabby's Dollhouse Meow-Mazing Dollhouse,https://www.takealot.com/gabby-s-dollhouse-meow-mazing-dollhouse/PLID99235547
takealot,Toys & Leisure,GetUp Burst Graphite Padel Racket,https://www.takealot.com/getup-burst-graphite-padel-racket/PLID93739845
takealot,Toys & Leisure,Medalist Neoprene Dumbbell 5kg,https://www.takealot.com/medalist-neoprene-dumbbell-5kg/PLID38154506
takealot,Toys & Leisure,GetUp Blaze 20-inch Bike,https://www.takealot.com/getup-blaze-20-bike/PLID95885084
takealot,Beauty & Personal Care,Elizabeth Arden Eight Hour Cream Skin Protectant 50ml,https://www.takealot.com/elizabeth-arden-eight-hour-cream-skin-protectant-50ml/PLID68567797
takealot,Beauty & Personal Care,Maybelline Lash Sensational Sky High Mascara Black 01,https://www.takealot.com/maybelline-lash-sensational-sky-high-mascara-black-01/PLID73714592
takealot,Beauty & Personal Care,Berries Weekend Pink Edition EDP for Women 100ml,https://www.takealot.com/berries-weekend-pink-edition-eau-de-parfum-for-women-100ml/PLID92806505
takealot,Beauty & Personal Care,Mocha Wood EDP 100ml Unisex,https://www.takealot.com/mocha-wood-eau-de-parfum-100ml-perfume-for-men-and-women-unisex/PLID72193294
takealot,Beauty & Personal Care,Philips 1000 Series Wet & Dry Electric Shaver,https://www.takealot.com/philips-1000-series-wet-dry-electric-shaver-with-usb-charging/PLID94852232
